{"type":"FeatureCollection", "features": [
{"type":"Feature","geometry":{"type":"Polygon","coordinates":[[[-94.608,39.044],[-94.72,39.044],[-94.804,39.046],[-94.849,39.058],[-94.863,39.056],[-94.888,39.031],[-94.894,39.01],[-94.908,38.992],[-94.909,39.128],[-94.901,39.128],[-94.9,39.202],[-94.78,39.2],[-94.77,39.186],[-94.749,39.172],[-94.709,39.171],[-94.69,39.182],[-94.663,39.178],[-94.663,39.165],[-94.639,39.154],[-94.613,39.16],[-94.598,39.158],[-94.594,39.139],[-94.608,39.12],[-94.608,39.044]]]},"properties":{"name":"Wyandotte","id":"C20209","STATE":"KS","FIPS":"20209","TYPE":"County","CNTRY":"USA"},"id":"C20209"},
{"type":"Feature","geometry":{"type":"Polygon","coordinates":[[[-95.52,38.038],[-95.519,37.821],[-95.525,37.821],[-95.526,37.733],[-95.96,37.734],[-95.96,38.041],[-95.52,38.038]]]},"properties":{"name":"Woodson","id":"C20207","STATE":"KS","FIPS":"20207","TYPE":"County","CNTRY":"USA"},"id":"C20207"},
{"type":"Feature","geometry":{"type":"Polygon","coordinates":[[[-95.526,37.733],[-95.526,37.384],[-95.963,37.387],[-95.961,37.603],[-95.96,37.734],[-95.526,37.733]]]},"properties":{"name":"Wilson","id":"C20205","STATE":"KS","FIPS":"20205","TYPE":"County","CNTRY":"USA"},"id":"C20205"},
{"type":"Feature","geometry":{"type":"Polygon","coordinates":[[[-101.125,38.264],[-101.541,38.263],[-101.567,38.263],[-101.569,38.7],[-101.485,38.7],[-101.129,38.7],[-101.125,38.264]]]},"properties":{"name":"Wichita","id":"C20203","STATE":"KS","FIPS":"20203","TYPE":"County","CNTRY":"USA"},"id":"C20203"},
{"type":"Feature","geometry":{"type":"Polygon","coordinates":[[[-96.806,39.567],[-96.964,39.567],[-97.368,39.568],[-97.368,39.654],[-97.369,40.004],[-97.001,40.002],[-96.807,40.002],[-96.806,39.567]]]},"properties":{"name":"Washington","id":"C20201","STATE":"KS","FIPS":"20201","TYPE":"County","CNTRY":"USA"},"id":"C20201"},
{"type":"Feature","geometry":{"type":"Polygon","coordinates":[[[-101.478,39.134],[-101.485,38.7],[-101.569,38.7],[-102.045,38.695],[-102.046,39.046],[-102.046,39.134],[-101.948,39.133],[-101.839,39.134],[-101.811,39.133],[-101.699,39.133],[-101.503,39.135],[-101.478,39.134]]]},"properties":{"name":"Wallace","id":"C20199","STATE":"KS","FIPS":"20199","TYPE":"County","CNTRY":"USA"},"id":"C20199"},
{"type":"Feature","geometry":{"type":"Polygon","coordinates":[[[-96.036,39.123],[-96.013,39.117],[-95.998,39.126],[-95.99,39.112],[-95.973,39.109],[-95.943,39.089],[-95.947,38.871],[-95.948,38.74],[-96.353,38.74],[-96.39,38.74],[-96.39,38.827],[-96.501,38.827],[-96.501,38.872],[-96.504,39.042],[-96.392,39.044],[-96.39,39.172],[-96.378,39.164],[-96.361,39.173],[-96.359,39.156],[-96.345,39.156],[-96.318,39.189],[-96.3,39.194],[-96.274,39.176],[-96.26,39.181],[-96.248,39.204],[-96.224,39.21],[-96.206,39.199],[-96.193,39.21],[-96.18,39.209],[-96.168,39.196],[-96.136,39.193],[-96.118,39.185],[-96.108,39.203],[-96.094,39.192],[-96.082,39.192],[-96.06,39.158],[-96.088,39.167],[-96.093,39.157],[-96.064,39.142],[-96.052,39.143],[-96.036,39.123]]]},"properties":{"name":"Wabaunsee","id":"C20197","STATE":"KS","FIPS":"20197","TYPE":"County","CNTRY":"USA"},"id":"C20197"},
{"type":"Feature","geometry":{"type":"Polygon","coordinates":[[[-99.592,39.133],[-99.598,38.696],[-100.027,38.696],[-100.154,38.697],[-100.149,39.132],[-100.052,39.133],[-99.828,39.132],[-99.605,39.133],[-99.592,39.133]]]},"properties":{"name":"Trego","id":"C20195","STATE":"KS","FIPS":"20195","TYPE":"County","CNTRY":"USA"},"id":"C20195"},
{"type":"Feature","geometry":{"type":"Polygon","coordinates":[[[-100.741,39.568],[-100.722,39.568],[-100.72,39.307],[-100.72,39.134],[-100.812,39.133],[-101.055,39.135],[-101.367,39.134],[-101.391,39.135],[-101.391,39.395],[-101.39,39.569],[-101.277,39.568],[-101.054,39.569],[-100.741,39.568]]]},"properties":{"name":"Thomas","id":"C20193","STATE":"KS","FIPS":"20193","TYPE":"County","CNTRY":"USA"},"id":"C20193"},
{"type":"Feature","geometry":{"type":"Polygon","coordinates":[[[-97.147,37],[-97.198,37],[-97.535,37],[-97.802,37],[-97.804,37.387],[-97.807,37.387],[-97.807,37.475],[-97.151,37.476],[-97.147,37]]]},"properties":{"name":"Sumner","id":"C20191","STATE":"KS","FIPS":"20191","TYPE":"County","CNTRY":"USA"},"id":"C20191"},
{"type":"Feature","geometry":{"type":"Polygon","coordinates":[[[-101.555,36.995],[-101.557,37.229],[-101.558,37.389],[-101.524,37.389],[-101.088,37.388],[-101.068,37.388],[-101.067,36.998],[-101.268,36.997],[-101.555,36.995]]]},"properties":{"name":"Stevens","id":"C20189","STATE":"KS","FIPS":"20189","TYPE":"County","CNTRY":"USA"},"id":"C20189"},
{"type":"Feature","geometry":{"type":"Polygon","coordinates":[[[-101.527,37.736],[-101.524,37.389],[-101.558,37.389],[-102.043,37.388],[-102.043,37.738],[-101.527,37.736]]]},"properties":{"name":"Stanton","id":"C20187","STATE":"KS","FIPS":"20187","TYPE":"County","CNTRY":"USA"},"id":"C20187"},
{"type":"Feature","geometry":{"type":"Polygon","coordinates":[[[-98.472,37.826],[-99.014,37.826],[-99.022,37.827],[-99.023,38.001],[-98.914,38],[-98.914,38.261],[-98.482,38.26],[-98.473,38.26],[-98.474,38.174],[-98.472,37.826]]]},"properties":{"name":"Stafford","id":"C20185","STATE":"KS","FIPS":"20185","TYPE":"County","CNTRY":"USA"},"id":"C20185"},
{"type":"Feature","geometry":{"type":"Polygon","coordinates":[[[-98.505,40.004],[-98.505,39.829],[-98.506,39.741],[-98.507,39.567],[-98.71,39.568],[-99.044,39.569],[-99.067,39.568],[-99.067,40.002],[-99,40.002],[-98.729,40.003],[-98.505,40.004]]]},"properties":{"name":"Smith","id":"C20183","STATE":"KS","FIPS":"20183","TYPE":"County","CNTRY":"USA"},"id":"C20183"},
{"type":"Feature","geometry":{"type":"Polygon","coordinates":[[[-102.048,39.569],[-101.612,39.568],[-101.413,39.568],[-101.39,39.569],[-101.391,39.395],[-101.391,39.135],[-101.478,39.134],[-101.503,39.135],[-101.699,39.133],[-101.811,39.133],[-101.839,39.134],[-101.948,39.133],[-102.046,39.134],[-102.048,39.569]]]},"properties":{"name":"Sherman","id":"C20181","STATE":"KS","FIPS":"20181","TYPE":"County","CNTRY":"USA"},"id":"C20181"},
{"type":"Feature","geometry":{"type":"Polygon","coordinates":[[[-100.181,39.568],[-100.163,39.567],[-100.163,39.306],[-100.164,39.132],[-100.276,39.132],[-100.497,39.133],[-100.72,39.134],[-100.72,39.307],[-100.722,39.568],[-100.628,39.568],[-100.496,39.568],[-100.181,39.568]]]},"properties":{"name":"Sheridan","id":"C20179","STATE":"KS","FIPS":"20179","TYPE":"County","CNTRY":"USA"},"id":"C20179"},
{"type":"Feature","geometry":{"type":"Polygon","coordinates":[[[-95.504,39.059],[-95.502,38.87],[-95.947,38.871],[-95.943,39.089],[-95.973,39.109],[-95.99,39.112],[-95.998,39.126],[-96.013,39.117],[-96.036,39.123],[-96.034,39.218],[-95.59,39.217],[-95.587,39.142],[-95.596,39.118],[-95.597,39.066],[-95.586,39.056],[-95.558,39.063],[-95.512,39.069],[-95.504,39.059]]]},"properties":{"name":"Shawnee","id":"C20177","STATE":"KS","FIPS":"20177","TYPE":"County","CNTRY":"USA"},"id":"C20177"},
{"type":"Feature","geometry":{"type":"Polygon","coordinates":[[[-101.068,37.388],[-100.652,37.388],[-100.635,37.388],[-100.634,36.999],[-100.944,36.999],[-101.067,36.998],[-101.068,37.388]]]},"properties":{"name":"Seward","id":"C20175","STATE":"KS","FIPS":"20175","TYPE":"County","CNTRY":"USA"},"id":"C20175"},
{"type":"Feature","geometry":{"type":"Polygon","coordinates":[[[-97.151,37.476],[-97.807,37.475],[-97.807,37.733],[-97.698,37.735],[-97.699,37.825],[-97.702,37.825],[-97.702,37.912],[-97.153,37.913],[-97.151,37.476]]]},"properties":{"name":"Sedgwick","id":"C20173","STATE":"KS","FIPS":"20173","TYPE":"County","CNTRY":"USA"},"id":"C20173"},
{"type":"Feature","geometry":{"type":"Polygon","coordinates":[[[-100.688,38.704],[-100.684,38.263],[-101.104,38.264],[-101.125,38.264],[-101.129,38.7],[-100.817,38.703],[-100.688,38.704]]]},"properties":{"name":"Scott","id":"C20171","STATE":"KS","FIPS":"20171","TYPE":"County","CNTRY":"USA"},"id":"C20171"},
{"type":"Feature","geometry":{"type":"Polygon","coordinates":[[[-97.374,38.96],[-97.372,38.61],[-97.926,38.61],[-97.928,38.871],[-97.928,38.959],[-97.705,38.958],[-97.374,38.96]]]},"properties":{"name":"Saline","id":"C20169","STATE":"KS","FIPS":"20169","TYPE":"County","CNTRY":"USA"},"id":"C20169"},
{"type":"Feature","geometry":{"type":"Polygon","coordinates":[[[-99.037,39.133],[-98.491,39.133],[-98.485,39.133],[-98.485,38.872],[-98.487,38.697],[-98.598,38.695],[-99.033,38.697],[-99.04,38.697],[-99.037,39.133]]]},"properties":{"name":"Russell","id":"C20167","STATE":"KS","FIPS":"20167","TYPE":"County","CNTRY":"USA"},"id":"C20167"},
{"type":"Feature","geometry":{"type":"Polygon","coordinates":[[[-99.033,38.697],[-99.033,38.348],[-99.585,38.349],[-99.585,38.696],[-99.04,38.697],[-99.033,38.697]]]},"properties":{"name":"Rush","id":"C20165","STATE":"KS","FIPS":"20165","TYPE":"County","CNTRY":"USA"},"id":"C20165"},
{"type":"Feature","geometry":{"type":"Polygon","coordinates":[[[-99.067,39.568],[-99.044,39.569],[-99.046,39.481],[-99.05,39.221],[-99.049,39.134],[-99.27,39.134],[-99.592,39.133],[-99.605,39.133],[-99.604,39.219],[-99.603,39.395],[-99.602,39.567],[-99.29,39.569],[-99.067,39.568]]]},"properties":{"name":"Rooks","id":"C20163","STATE":"KS","FIPS":"20163","TYPE":"County","CNTRY":"USA"},"id":"C20163"},
{"type":"Feature","geometry":{"type":"Polygon","coordinates":[[[-96.39,39.172],[-96.392,39.044],[-96.504,39.042],[-96.502,39.07],[-96.706,39.072],[-96.706,39.093],[-96.742,39.079],[-96.749,39.086],[-96.852,39.086],[-96.85,39.219],[-96.962,39.22],[-96.961,39.308],[-96.964,39.567],[-96.806,39.567],[-96.581,39.566],[-96.597,39.543],[-96.635,39.528],[-96.637,39.511],[-96.655,39.504],[-96.673,39.472],[-96.69,39.475],[-96.693,39.461],[-96.712,39.459],[-96.728,39.428],[-96.721,39.415],[-96.727,39.407],[-96.713,39.387],[-96.69,39.374],[-96.677,39.348],[-96.652,39.313],[-96.617,39.273],[-96.588,39.256],[-96.584,39.235],[-96.565,39.241],[-96.548,39.215],[-96.532,39.213],[-96.52,39.203],[-96.548,39.191],[-96.543,39.181],[-96.515,39.189],[-96.518,39.176],[-96.5,39.166],[-96.482,39.179],[-96.465,39.178],[-96.463,39.191],[-96.421,39.184],[-96.39,39.172]]]},"properties":{"name":"Riley","id":"C20161","STATE":"KS","FIPS":"20161","TYPE":"County","CNTRY":"USA"},"id":"C20161"},
{"type":"Feature","geometry":{"type":"Polygon","coordinates":[[[-98.474,38.174],[-98.473,38.26],[-98.482,38.26],[-98.482,38.521],[-97.926,38.523],[-97.924,38.261],[-97.921,38.261],[-97.922,38.174],[-98.143,38.173],[-98.142,38.159],[-98.217,38.16],[-98.218,38.173],[-98.474,38.174]]]},"properties":{"name":"Rice","id":"C20159","STATE":"KS","FIPS":"20159","TYPE":"County","CNTRY":"USA"},"id":"C20159"},
{"type":"Feature","geometry":{"type":"Polygon","coordinates":[[[-97.369,40.004],[-97.368,39.654],[-97.93,39.655],[-97.93,40.003],[-97.818,40.004],[-97.369,40.004]]]},"properties":{"name":"Republic","id":"C20157","STATE":"KS","FIPS":"20157","TYPE":"County","CNTRY":"USA"},"id":"C20157"},
{"type":"Feature","geometry":{"type":"Polygon","coordinates":[[[-97.702,38.174],[-97.702,37.912],[-97.702,37.825],[-97.699,37.825],[-97.698,37.735],[-97.807,37.733],[-98.467,37.735],[-98.467,37.825],[-98.472,37.826],[-98.474,38.174],[-98.218,38.173],[-98.217,38.16],[-98.142,38.159],[-98.143,38.173],[-97.922,38.174],[-97.702,38.174]]]},"properties":{"name":"Reno","id":"C20155","STATE":"KS","FIPS":"20155","TYPE":"County","CNTRY":"USA"},"id":"C20155"},
{"type":"Feature","geometry":{"type":"Polygon","coordinates":[[[-100.741,39.568],[-101.054,39.569],[-101.277,39.568],[-101.39,39.569],[-101.413,39.568],[-101.41,39.829],[-101.411,40.005],[-101.299,40.004],[-101.001,40.004],[-100.74,40.003],[-100.74,39.828],[-100.741,39.568]]]},"properties":{"name":"Rawlins","id":"C20153","STATE":"KS","FIPS":"20153","TYPE":"County","CNTRY":"USA"},"id":"C20153"},
{"type":"Feature","geometry":{"type":"Polygon","coordinates":[[[-98.466,37.472],[-99.014,37.471],[-99.014,37.734],[-99.014,37.826],[-98.472,37.826],[-98.467,37.825],[-98.467,37.735],[-98.466,37.472]]]},"properties":{"name":"Pratt","id":"C20151","STATE":"KS","FIPS":"20151","TYPE":"County","CNTRY":"USA"},"id":"C20151"},
{"type":"Feature","geometry":{"type":"Polygon","coordinates":[[[-96.24,39.566],[-96.037,39.566],[-96.034,39.218],[-96.036,39.123],[-96.052,39.143],[-96.064,39.142],[-96.093,39.157],[-96.088,39.167],[-96.06,39.158],[-96.082,39.192],[-96.094,39.192],[-96.108,39.203],[-96.118,39.185],[-96.136,39.193],[-96.168,39.196],[-96.18,39.209],[-96.193,39.21],[-96.206,39.199],[-96.224,39.21],[-96.248,39.204],[-96.26,39.181],[-96.274,39.176],[-96.3,39.194],[-96.318,39.189],[-96.345,39.156],[-96.359,39.156],[-96.361,39.173],[-96.378,39.164],[-96.39,39.172],[-96.421,39.184],[-96.463,39.191],[-96.465,39.178],[-96.482,39.179],[-96.5,39.166],[-96.518,39.176],[-96.515,39.189],[-96.543,39.181],[-96.548,39.191],[-96.52,39.203],[-96.532,39.213],[-96.548,39.215],[-96.565,39.241],[-96.584,39.235],[-96.588,39.256],[-96.617,39.273],[-96.652,39.313],[-96.677,39.348],[-96.69,39.374],[-96.713,39.387],[-96.727,39.407],[-96.721,39.415],[-96.728,39.428],[-96.712,39.459],[-96.693,39.461],[-96.69,39.475],[-96.673,39.472],[-96.655,39.504],[-96.637,39.511],[-96.635,39.528],[-96.597,39.543],[-96.581,39.566],[-96.24,39.566]]]},"properties":{"name":"Pottawatomie","id":"C20149","STATE":"KS","FIPS":"20149","TYPE":"County","CNTRY":"USA"},"id":"C20149"},
{"type":"Feature","geometry":{"type":"Polygon","coordinates":[[[-99.067,40.002],[-99.067,39.568],[-99.29,39.569],[-99.602,39.567],[-99.628,39.567],[-99.627,39.741],[-99.626,40.003],[-99.283,40.003],[-99.067,40.002]]]},"properties":{"name":"Phillips","id":"C20147","STATE":"KS","FIPS":"20147","TYPE":"County","CNTRY":"USA"},"id":"C20147"},
{"type":"Feature","geometry":{"type":"Polygon","coordinates":[[[-98.914,38.261],[-98.914,38],[-99.023,38.001],[-99.35,38.001],[-99.349,38.087],[-99.569,38.087],[-99.57,38.261],[-99.585,38.261],[-99.585,38.349],[-99.033,38.348],[-99.032,38.262],[-98.914,38.261]]]},"properties":{"name":"Pawnee","id":"C20145","STATE":"KS","FIPS":"20145","TYPE":"County","CNTRY":"USA"},"id":"C20145"},
{"type":"Feature","geometry":{"type":"Polygon","coordinates":[[[-97.374,38.96],[-97.705,38.958],[-97.928,38.959],[-97.93,39.219],[-97.929,39.307],[-97.37,39.307],[-97.372,39.134],[-97.374,38.96]]]},"properties":{"name":"Ottawa","id":"C20143","STATE":"KS","FIPS":"20143","TYPE":"County","CNTRY":"USA"},"id":"C20143"},
{"type":"Feature","geometry":{"type":"Polygon","coordinates":[[[-99.044,39.569],[-98.71,39.568],[-98.507,39.567],[-98.487,39.567],[-98.491,39.22],[-98.491,39.133],[-99.037,39.133],[-99.049,39.134],[-99.05,39.221],[-99.046,39.481],[-99.044,39.569]]]},"properties":{"name":"Osborne","id":"C20141","STATE":"KS","FIPS":"20141","TYPE":"County","CNTRY":"USA"},"id":"C20141"},
{"type":"Feature","geometry":{"type":"Polygon","coordinates":[[[-95.51,38.434],[-95.951,38.436],[-95.952,38.697],[-95.948,38.697],[-95.948,38.74],[-95.947,38.871],[-95.502,38.87],[-95.501,38.738],[-95.502,38.696],[-95.508,38.695],[-95.51,38.434]]]},"properties":{"name":"Osage","id":"C20139","STATE":"KS","FIPS":"20139","TYPE":"County","CNTRY":"USA"},"id":"C20139"},
{"type":"Feature","geometry":{"type":"Polygon","coordinates":[[[-99.626,40.003],[-99.627,39.741],[-99.628,39.567],[-99.852,39.567],[-100.163,39.567],[-100.181,39.568],[-100.181,39.741],[-100.178,40.003],[-99.996,40.003],[-99.626,40.003]]]},"properties":{"name":"Norton","id":"C20137","STATE":"KS","FIPS":"20137","TYPE":"County","CNTRY":"USA"},"id":"C20137"},
{"type":"Feature","geometry":{"type":"Polygon","coordinates":[[[-100.154,38.697],[-100.027,38.696],[-99.598,38.696],[-99.585,38.696],[-99.585,38.349],[-99.585,38.261],[-100.227,38.261],[-100.245,38.261],[-100.248,38.698],[-100.154,38.697]]]},"properties":{"name":"Ness","id":"C20135","STATE":"KS","FIPS":"20135","TYPE":"County","CNTRY":"USA"},"id":"C20135"},
{"type":"Feature","geometry":{"type":"Polygon","coordinates":[[[-95.088,37.675],[-95.087,37.384],[-95.521,37.384],[-95.526,37.384],[-95.526,37.733],[-95.087,37.733],[-95.088,37.675]]]},"properties":{"name":"Neosho","id":"C20133","STATE":"KS","FIPS":"20133","TYPE":"County","CNTRY":"USA"},"id":"C20133"},
{"type":"Feature","geometry":{"type":"Polygon","coordinates":[[[-95.786,40.002],[-95.788,39.654],[-95.789,39.567],[-96.037,39.566],[-96.24,39.566],[-96.238,40.001],[-96,40.001],[-95.786,40.002]]]},"properties":{"name":"Nemaha","id":"C20131","STATE":"KS","FIPS":"20131","TYPE":"County","CNTRY":"USA"},"id":"C20131"},
{"type":"Feature","geometry":{"type":"Polygon","coordinates":[[[-102.043,37.388],[-101.558,37.389],[-101.557,37.229],[-101.555,36.995],[-101.918,36.993],[-102.042,36.992],[-102.042,37.11],[-102.043,37.388]]]},"properties":{"name":"Morton","id":"C20129","STATE":"KS","FIPS":"20129","TYPE":"County","CNTRY":"USA"},"id":"C20129"},
{"type":"Feature","geometry":{"type":"Polygon","coordinates":[[[-96.353,38.74],[-96.354,38.523],[-96.821,38.524],[-96.931,38.524],[-96.931,38.609],[-96.931,38.696],[-96.927,38.696],[-96.928,38.814],[-96.893,38.813],[-96.891,38.872],[-96.501,38.872],[-96.501,38.827],[-96.39,38.827],[-96.39,38.74],[-96.353,38.74]]]},"properties":{"name":"Morris","id":"C20127","STATE":"KS","FIPS":"20127","TYPE":"County","CNTRY":"USA"},"id":"C20127"},
{"type":"Feature","geometry":{"type":"Polygon","coordinates":[[[-95.524,37.001],[-95.772,37],[-95.965,37],[-95.963,37.3],[-95.963,37.387],[-95.526,37.384],[-95.521,37.384],[-95.524,37.001]]]},"properties":{"name":"Montgomery","id":"C20125","STATE":"KS","FIPS":"20125","TYPE":"County","CNTRY":"USA"},"id":"C20125"},
{"type":"Feature","geometry":{"type":"Polygon","coordinates":[[[-97.929,39.307],[-97.93,39.219],[-98.491,39.22],[-98.487,39.567],[-97.93,39.568],[-97.927,39.568],[-97.929,39.307]]]},"properties":{"name":"Mitchell","id":"C20123","STATE":"KS","FIPS":"20123","TYPE":"County","CNTRY":"USA"},"id":"C20123"},
{"type":"Feature","geometry":{"type":"Polygon","coordinates":[[[-94.613,38.389],[-95.066,38.391],[-95.066,38.695],[-95.056,38.695],[-95.057,38.739],[-94.61,38.738],[-94.612,38.476],[-94.613,38.389]]]},"properties":{"name":"Miami","id":"C20121","STATE":"KS","FIPS":"20121","TYPE":"County","CNTRY":"USA"},"id":"C20121"},
{"type":"Feature","geometry":{"type":"Polygon","coordinates":[[[-100.107,37.475],[-100.106,37.386],[-100.09,37.386],[-100.09,36.998],[-100.634,36.999],[-100.635,37.388],[-100.652,37.388],[-100.652,37.476],[-100.217,37.476],[-100.107,37.475]]]},"properties":{"name":"Meade","id":"C20119","STATE":"KS","FIPS":"20119","TYPE":"County","CNTRY":"USA"},"id":"C20119"},
{"type":"Feature","geometry":{"type":"Polygon","coordinates":[[[-97.702,38.174],[-97.922,38.174],[-97.921,38.261],[-97.924,38.261],[-97.926,38.523],[-97.926,38.61],[-97.372,38.61],[-97.372,38.174],[-97.702,38.174]]]},"properties":{"name":"McPherson","id":"C20113","STATE":"KS","FIPS":"20113","TYPE":"County","CNTRY":"USA"},"id":"C20113"},
{"type":"Feature","geometry":{"type":"Polygon","coordinates":[[[-96.238,40.001],[-96.24,39.566],[-96.581,39.566],[-96.806,39.567],[-96.807,40.002],[-96.464,40.003],[-96.238,40.001]]]},"properties":{"name":"Marshall","id":"C20117","STATE":"KS","FIPS":"20117","TYPE":"County","CNTRY":"USA"},"id":"C20117"},
{"type":"Feature","geometry":{"type":"Polygon","coordinates":[[[-96.84,38.086],[-97.154,38.088],[-97.154,38.175],[-97.372,38.174],[-97.372,38.61],[-96.931,38.609],[-96.931,38.524],[-96.821,38.524],[-96.821,38.349],[-96.843,38.349],[-96.84,38.086]]]},"properties":{"name":"Marion","id":"C20115","STATE":"KS","FIPS":"20115","TYPE":"County","CNTRY":"USA"},"id":"C20115"},
{"type":"Feature","geometry":{"type":"Polygon","coordinates":[[[-95.959,38.172],[-96.358,38.174],[-96.354,38.523],[-96.353,38.74],[-95.948,38.74],[-95.948,38.697],[-95.952,38.697],[-95.951,38.436],[-95.953,38.306],[-95.952,38.261],[-95.96,38.25],[-95.959,38.172]]]},"properties":{"name":"Lyon","id":"C20111","STATE":"KS","FIPS":"20111","TYPE":"County","CNTRY":"USA"},"id":"C20111"},
{"type":"Feature","geometry":{"type":"Polygon","coordinates":[[[-100.812,39.133],[-100.817,38.703],[-101.129,38.7],[-101.485,38.7],[-101.478,39.134],[-101.391,39.135],[-101.367,39.134],[-101.055,39.135],[-100.812,39.133]]]},"properties":{"name":"Logan","id":"C20109","STATE":"KS","FIPS":"20109","TYPE":"County","CNTRY":"USA"},"id":"C20109"},
{"type":"Feature","geometry":{"type":"Polygon","coordinates":[[[-94.615,38.036],[-95.079,38.038],[-95.072,38.253],[-95.062,38.255],[-95.066,38.391],[-94.613,38.389],[-94.615,38.114],[-94.615,38.036]]]},"properties":{"name":"Linn","id":"C20107","STATE":"KS","FIPS":"20107","TYPE":"County","CNTRY":"USA"},"id":"C20107"},
{"type":"Feature","geometry":{"type":"Polygon","coordinates":[[[-97.93,39.219],[-97.928,38.959],[-97.928,38.871],[-98.485,38.872],[-98.485,39.133],[-98.491,39.133],[-98.491,39.22],[-97.93,39.219]]]},"properties":{"name":"Lincoln","id":"C20105","STATE":"KS","FIPS":"20105","TYPE":"County","CNTRY":"USA"},"id":"C20105"},
{"type":"Feature","geometry":{"type":"Polygon","coordinates":[[[-94.78,39.2],[-94.9,39.202],[-94.901,39.128],[-94.909,39.128],[-94.908,38.992],[-94.934,39],[-94.948,38.984],[-94.97,38.985],[-94.99,38.997],[-95.025,38.996],[-95.031,38.977],[-95.056,38.982],[-95.086,38.981],[-95.079,38.968],[-95.087,38.957],[-95.108,38.96],[-95.164,38.981],[-95.176,38.966],[-95.188,38.963],[-95.188,39.044],[-95.189,39.129],[-95.181,39.13],[-95.179,39.419],[-94.968,39.419],[-94.946,39.407],[-94.943,39.392],[-94.931,39.385],[-94.898,39.392],[-94.882,39.377],[-94.902,39.359],[-94.908,39.34],[-94.903,39.312],[-94.888,39.291],[-94.842,39.266],[-94.828,39.249],[-94.836,39.22],[-94.81,39.208],[-94.787,39.207],[-94.78,39.2]]]},"properties":{"name":"Leavenworth","id":"C20103","STATE":"KS","FIPS":"20103","TYPE":"County","CNTRY":"USA"},"id":"C20103"},
{"type":"Feature","geometry":{"type":"Polygon","coordinates":[[[-100.248,38.698],[-100.245,38.261],[-100.684,38.263],[-100.688,38.704],[-100.577,38.7],[-100.469,38.699],[-100.248,38.698]]]},"properties":{"name":"Lane","id":"C20101","STATE":"KS","FIPS":"20101","TYPE":"County","CNTRY":"USA"},"id":"C20101"},
{"type":"Feature","geometry":{"type":"Polygon","coordinates":[[[-95.521,37.384],[-95.087,37.384],[-95.073,37.384],[-95.074,37.342],[-95.072,36.999],[-95.524,37.001],[-95.521,37.384]]]},"properties":{"name":"Labette","id":"C20099","STATE":"KS","FIPS":"20099","TYPE":"County","CNTRY":"USA"},"id":"C20099"},
{"type":"Feature","geometry":{"type":"Polygon","coordinates":[[[-99.014,37.385],[-99.434,37.382],[-99.544,37.383],[-99.555,37.383],[-99.556,37.469],[-99.558,37.735],[-99.014,37.734],[-99.014,37.471],[-99.014,37.385]]]},"properties":{"name":"Kiowa","id":"C20097","STATE":"KS","FIPS":"20097","TYPE":"County","CNTRY":"USA"},"id":"C20097"},
{"type":"Feature","geometry":{"type":"Polygon","coordinates":[[[-98.35,37.385],[-98.467,37.385],[-98.466,37.472],[-98.467,37.735],[-97.807,37.733],[-97.807,37.475],[-97.807,37.387],[-98.35,37.385]]]},"properties":{"name":"Kingman","id":"C20095","STATE":"KS","FIPS":"20095","TYPE":"County","CNTRY":"USA"},"id":"C20095"},
{"type":"Feature","geometry":{"type":"Polygon","coordinates":[[[-101.09,37.737],[-101.527,37.736],[-101.526,37.828],[-101.54,37.828],[-101.541,38.263],[-101.125,38.264],[-101.104,38.264],[-101.103,37.83],[-101.09,37.828],[-101.09,37.737]]]},"properties":{"name":"Kearny","id":"C20093","STATE":"KS","FIPS":"20093","TYPE":"County","CNTRY":"USA"},"id":"C20093"},
{"type":"Feature","geometry":{"type":"Polygon","coordinates":[[[-94.608,39.044],[-94.608,38.846],[-94.61,38.738],[-95.057,38.739],[-95.056,38.982],[-95.031,38.977],[-95.025,38.996],[-94.99,38.997],[-94.97,38.985],[-94.948,38.984],[-94.934,39],[-94.908,38.992],[-94.894,39.01],[-94.888,39.031],[-94.863,39.056],[-94.849,39.058],[-94.804,39.046],[-94.72,39.044],[-94.608,39.044]]]},"properties":{"name":"Johnson","id":"C20091","STATE":"KS","FIPS":"20091","TYPE":"County","CNTRY":"USA"},"id":"C20091"},
{"type":"Feature","geometry":{"type":"Polygon","coordinates":[[[-97.93,40.003],[-97.93,39.655],[-97.93,39.568],[-98.487,39.567],[-98.507,39.567],[-98.506,39.741],[-98.505,39.829],[-98.505,40.004],[-98.275,40.004],[-98.029,40.003],[-97.93,40.003]]]},"properties":{"name":"Jewell","id":"C20089","STATE":"KS","FIPS":"20089","TYPE":"County","CNTRY":"USA"},"id":"C20089"},
{"type":"Feature","geometry":{"type":"Polygon","coordinates":[[[-95.188,39.044],[-95.286,39.045],[-95.319,39.034],[-95.348,39.034],[-95.383,39.054],[-95.435,39.07],[-95.464,39.068],[-95.504,39.059],[-95.512,39.069],[-95.558,39.063],[-95.586,39.056],[-95.597,39.066],[-95.596,39.118],[-95.587,39.142],[-95.59,39.217],[-95.59,39.42],[-95.571,39.42],[-95.179,39.419],[-95.181,39.13],[-95.189,39.129],[-95.188,39.044]]]},"properties":{"name":"Jefferson","id":"C20087","STATE":"KS","FIPS":"20087","TYPE":"County","CNTRY":"USA"},"id":"C20087"},
{"type":"Feature","geometry":{"type":"Polygon","coordinates":[[[-95.788,39.654],[-95.564,39.654],[-95.564,39.566],[-95.57,39.566],[-95.571,39.42],[-95.59,39.42],[-95.59,39.217],[-96.034,39.218],[-96.037,39.566],[-95.789,39.567],[-95.788,39.654]]]},"properties":{"name":"Jackson","id":"C20085","STATE":"KS","FIPS":"20085","TYPE":"County","CNTRY":"USA"},"id":"C20085"},
{"type":"Feature","geometry":{"type":"Polygon","coordinates":[[[-99.568,37.914],[-99.676,37.914],[-100.227,37.915],[-100.227,38.001],[-100.227,38.261],[-99.585,38.261],[-99.57,38.261],[-99.569,38.087],[-99.568,37.914]]]},"properties":{"name":"Hodgeman","id":"C20083","STATE":"KS","FIPS":"20083","TYPE":"County","CNTRY":"USA"},"id":"C20083"},
{"type":"Feature","geometry":{"type":"Polygon","coordinates":[[[-100.652,37.476],[-100.652,37.388],[-101.068,37.388],[-101.088,37.388],[-101.09,37.737],[-100.653,37.736],[-100.652,37.476]]]},"properties":{"name":"Haskell","id":"C20081","STATE":"KS","FIPS":"20081","TYPE":"County","CNTRY":"USA"},"id":"C20081"},
{"type":"Feature","geometry":{"type":"Polygon","coordinates":[[[-97.153,37.913],[-97.702,37.912],[-97.702,38.174],[-97.372,38.174],[-97.154,38.175],[-97.154,38.088],[-97.153,37.913]]]},"properties":{"name":"Harvey","id":"C20079","STATE":"KS","FIPS":"20079","TYPE":"County","CNTRY":"USA"},"id":"C20079"},
{"type":"Feature","geometry":{"type":"Polygon","coordinates":[[[-98.348,37],[-98.35,37.385],[-97.807,37.387],[-97.804,37.387],[-97.802,37],[-98.116,37],[-98.348,37]]]},"properties":{"name":"Harper","id":"C20077","STATE":"KS","FIPS":"20077","TYPE":"County","CNTRY":"USA"},"id":"C20077"},
{"type":"Feature","geometry":{"type":"Polygon","coordinates":[[[-101.527,37.736],[-102.043,37.738],[-102.044,38.263],[-101.567,38.263],[-101.541,38.263],[-101.54,37.828],[-101.526,37.828],[-101.527,37.736]]]},"properties":{"name":"Hamilton","id":"C20075","STATE":"KS","FIPS":"20075","TYPE":"County","CNTRY":"USA"},"id":"C20075"},
{"type":"Feature","geometry":{"type":"Polygon","coordinates":[[[-95.959,38.172],[-95.96,38.041],[-95.96,37.734],[-95.961,37.603],[-96.526,37.608],[-96.524,38.087],[-96.355,38.087],[-96.358,38.174],[-95.959,38.172]]]},"properties":{"name":"Greenwood","id":"C20073","STATE":"KS","FIPS":"20073","TYPE":"County","CNTRY":"USA"},"id":"C20073"},
{"type":"Feature","geometry":{"type":"Polygon","coordinates":[[[-101.567,38.263],[-102.044,38.263],[-102.045,38.614],[-102.045,38.695],[-101.569,38.7],[-101.567,38.263]]]},"properties":{"name":"Greeley","id":"C20071","STATE":"KS","FIPS":"20071","TYPE":"County","CNTRY":"USA"},"id":"C20071"},
{"type":"Feature","geometry":{"type":"Polygon","coordinates":[[[-100.217,37.476],[-100.652,37.476],[-100.653,37.736],[-100.651,37.828],[-100.664,37.83],[-100.664,38.001],[-100.227,38.001],[-100.227,37.915],[-100.228,37.828],[-100.216,37.828],[-100.217,37.476]]]},"properties":{"name":"Gray","id":"C20069","STATE":"KS","FIPS":"20069","TYPE":"County","CNTRY":"USA"},"id":"C20069"},
{"type":"Feature","geometry":{"type":"Polygon","coordinates":[[[-101.09,37.737],[-101.088,37.388],[-101.524,37.389],[-101.527,37.736],[-101.09,37.737]]]},"properties":{"name":"Grant","id":"C20067","STATE":"KS","FIPS":"20067","TYPE":"County","CNTRY":"USA"},"id":"C20067"},
{"type":"Feature","geometry":{"type":"Polygon","coordinates":[[[-99.628,39.567],[-99.602,39.567],[-99.603,39.395],[-99.604,39.219],[-99.605,39.133],[-99.828,39.132],[-100.052,39.133],[-100.149,39.132],[-100.164,39.132],[-100.163,39.306],[-100.163,39.567],[-99.852,39.567],[-99.628,39.567]]]},"properties":{"name":"Graham","id":"C20065","STATE":"KS","FIPS":"20065","TYPE":"County","CNTRY":"USA"},"id":"C20065"},
{"type":"Feature","geometry":{"type":"Polygon","coordinates":[[[-100.72,39.134],[-100.497,39.133],[-100.276,39.132],[-100.164,39.132],[-100.149,39.132],[-100.154,38.697],[-100.248,38.698],[-100.469,38.699],[-100.577,38.7],[-100.688,38.704],[-100.817,38.703],[-100.812,39.133],[-100.72,39.134]]]},"properties":{"name":"Gove","id":"C20063","STATE":"KS","FIPS":"20063","TYPE":"County","CNTRY":"USA"},"id":"C20063"},
{"type":"Feature","geometry":{"type":"Polygon","coordinates":[[[-96.504,39.042],[-96.501,38.872],[-96.891,38.872],[-96.928,38.872],[-96.929,38.974],[-96.965,38.978],[-96.963,39.133],[-96.962,39.22],[-96.85,39.219],[-96.852,39.086],[-96.749,39.086],[-96.742,39.079],[-96.706,39.093],[-96.706,39.072],[-96.502,39.07],[-96.504,39.042]]]},"properties":{"name":"Geary","id":"C20061","STATE":"KS","FIPS":"20061","TYPE":"County","CNTRY":"USA"},"id":"C20061"},
{"type":"Feature","geometry":{"type":"Polygon","coordinates":[[[-95.066,38.391],[-95.51,38.39],[-95.51,38.434],[-95.508,38.695],[-95.502,38.696],[-95.501,38.738],[-95.057,38.739],[-95.056,38.695],[-95.066,38.695],[-95.066,38.391]]]},"properties":{"name":"Franklin","id":"C20059","STATE":"KS","FIPS":"20059","TYPE":"County","CNTRY":"USA"},"id":"C20059"},
{"type":"Feature","geometry":{"type":"Polygon","coordinates":[[[-100.227,37.915],[-99.676,37.914],[-99.568,37.914],[-99.568,37.828],[-99.559,37.826],[-99.558,37.735],[-99.556,37.469],[-100.107,37.475],[-100.217,37.476],[-100.216,37.828],[-100.228,37.828],[-100.227,37.915]]]},"properties":{"name":"Ford","id":"C20057","STATE":"KS","FIPS":"20057","TYPE":"County","CNTRY":"USA"},"id":"C20057"},
{"type":"Feature","geometry":{"type":"Polygon","coordinates":[[[-100.684,38.263],[-100.245,38.261],[-100.227,38.261],[-100.227,38.001],[-100.664,38.001],[-100.664,37.83],[-100.651,37.828],[-100.653,37.736],[-101.09,37.737],[-101.09,37.828],[-101.103,37.83],[-101.104,38.264],[-100.684,38.263]]]},"properties":{"name":"Finney","id":"C20055","STATE":"KS","FIPS":"20055","TYPE":"County","CNTRY":"USA"},"id":"C20055"},
{"type":"Feature","geometry":{"type":"Polygon","coordinates":[[[-97.928,38.871],[-97.926,38.61],[-97.926,38.523],[-98.482,38.521],[-98.481,38.697],[-98.487,38.697],[-98.485,38.872],[-97.928,38.871]]]},"properties":{"name":"Ellsworth","id":"C20053","STATE":"KS","FIPS":"20053","TYPE":"County","CNTRY":"USA"},"id":"C20053"},
{"type":"Feature","geometry":{"type":"Polygon","coordinates":[[[-99.037,39.133],[-99.04,38.697],[-99.585,38.696],[-99.598,38.696],[-99.592,39.133],[-99.27,39.134],[-99.049,39.134],[-99.037,39.133]]]},"properties":{"name":"Ellis","id":"C20051","STATE":"KS","FIPS":"20051","TYPE":"County","CNTRY":"USA"},"id":"C20051"},
{"type":"Feature","geometry":{"type":"Polygon","coordinates":[[[-95.963,37.387],[-95.963,37.3],[-96.527,37.303],[-96.526,37.477],[-96.526,37.608],[-95.961,37.603],[-95.963,37.387]]]},"properties":{"name":"Elk","id":"C20049","STATE":"KS","FIPS":"20049","TYPE":"County","CNTRY":"USA"},"id":"C20049"},
{"type":"Feature","geometry":{"type":"Polygon","coordinates":[[[-99.023,38.001],[-99.022,37.827],[-99.014,37.826],[-99.014,37.734],[-99.558,37.735],[-99.559,37.826],[-99.568,37.828],[-99.568,37.914],[-99.569,38.087],[-99.349,38.087],[-99.35,38.001],[-99.023,38.001]]]},"properties":{"name":"Edwards","id":"C20047","STATE":"KS","FIPS":"20047","TYPE":"County","CNTRY":"USA"},"id":"C20047"},
{"type":"Feature","geometry":{"type":"Polygon","coordinates":[[[-95.188,39.044],[-95.188,38.963],[-95.176,38.966],[-95.164,38.981],[-95.108,38.96],[-95.087,38.957],[-95.079,38.968],[-95.086,38.981],[-95.056,38.982],[-95.057,38.739],[-95.501,38.738],[-95.502,38.87],[-95.504,39.059],[-95.464,39.068],[-95.435,39.07],[-95.383,39.054],[-95.348,39.034],[-95.319,39.034],[-95.286,39.045],[-95.188,39.044]]]},"properties":{"name":"Douglas","id":"C20045","STATE":"KS","FIPS":"20045","TYPE":"County","CNTRY":"USA"},"id":"C20045"},
{"type":"Feature","geometry":{"type":"Polygon","coordinates":[[[-95.055,39.624],[-95.096,39.625],[-95.116,39.653],[-95.34,39.652],[-95.34,40.001],[-95.308,40],[-95.306,39.988],[-95.266,39.966],[-95.253,39.952],[-95.236,39.944],[-95.206,39.941],[-95.2,39.927],[-95.206,39.911],[-95.193,39.901],[-95.18,39.899],[-95.151,39.908],[-95.132,39.877],[-95.098,39.865],[-95.048,39.865],[-95.029,39.875],[-95.018,39.899],[-94.964,39.902],[-94.936,39.895],[-94.929,39.88],[-94.941,39.86],[-94.926,39.842],[-94.893,39.836],[-94.88,39.822],[-94.879,39.811],[-94.891,39.795],[-94.927,39.79],[-94.936,39.78],[-94.919,39.763],[-94.871,39.771],[-94.864,39.758],[-94.87,39.738],[-94.893,39.726],[-94.922,39.732],[-94.952,39.747],[-94.968,39.739],[-94.97,39.695],[-94.978,39.684],[-95.014,39.675],[-95.037,39.657],[-95.055,39.624]]]},"properties":{"name":"Doniphan","id":"C20043","STATE":"KS","FIPS":"20043","TYPE":"County","CNTRY":"USA"},"id":"C20043"},
{"type":"Feature","geometry":{"type":"Polygon","coordinates":[[[-96.891,38.872],[-96.893,38.813],[-96.928,38.814],[-96.927,38.696],[-96.931,38.696],[-96.931,38.609],[-97.372,38.61],[-97.374,38.96],[-97.372,39.134],[-96.963,39.133],[-96.965,38.978],[-96.929,38.974],[-96.928,38.872],[-96.891,38.872]]]},"properties":{"name":"Dickinson","id":"C20041","STATE":"KS","FIPS":"20041","TYPE":"County","CNTRY":"USA"},"id":"C20041"},
{"type":"Feature","geometry":{"type":"Polygon","coordinates":[[[-100.178,40.003],[-100.181,39.741],[-100.181,39.568],[-100.496,39.568],[-100.628,39.568],[-100.722,39.568],[-100.741,39.568],[-100.74,39.828],[-100.74,40.003],[-100.178,40.003]]]},"properties":{"name":"Decatur","id":"C20039","STATE":"KS","FIPS":"20039","TYPE":"County","CNTRY":"USA"},"id":"C20039"},
{"type":"Feature","geometry":{"type":"Polygon","coordinates":[[[-94.617,37.338],[-95.074,37.342],[-95.073,37.384],[-95.087,37.384],[-95.088,37.675],[-94.616,37.674],[-94.617,37.338]]]},"properties":{"name":"Crawford","id":"C20037","STATE":"KS","FIPS":"20037","TYPE":"County","CNTRY":"USA"},"id":"C20037"},
{"type":"Feature","geometry":{"type":"Polygon","coordinates":[[[-96.527,37.303],[-96.528,37.001],[-96.753,37],[-96.929,37],[-97.147,37],[-97.151,37.476],[-96.526,37.477],[-96.527,37.303]]]},"properties":{"name":"Cowley","id":"C20035","STATE":"KS","FIPS":"20035","TYPE":"County","CNTRY":"USA"},"id":"C20035"},
{"type":"Feature","geometry":{"type":"Polygon","coordinates":[[[-99.001,37.001],[-99.4,37],[-99.54,37],[-99.544,37.383],[-99.434,37.382],[-99.014,37.385],[-99.001,37.385],[-99.001,37.001]]]},"properties":{"name":"Comanche","id":"C20033","STATE":"KS","FIPS":"20033","TYPE":"County","CNTRY":"USA"},"id":"C20033"},
{"type":"Feature","geometry":{"type":"Polygon","coordinates":[[[-95.52,38.038],[-95.96,38.041],[-95.959,38.172],[-95.96,38.25],[-95.952,38.261],[-95.953,38.306],[-95.951,38.436],[-95.51,38.434],[-95.51,38.39],[-95.5,38.25],[-95.512,38.25],[-95.52,38.038]]]},"properties":{"name":"Coffey","id":"C20031","STATE":"KS","FIPS":"20031","TYPE":"County","CNTRY":"USA"},"id":"C20031"},
{"type":"Feature","geometry":{"type":"Polygon","coordinates":[[[-97.368,39.568],[-97.37,39.307],[-97.929,39.307],[-97.927,39.568],[-97.93,39.568],[-97.93,39.655],[-97.368,39.654],[-97.368,39.568]]]},"properties":{"name":"Cloud","id":"C20029","STATE":"KS","FIPS":"20029","TYPE":"County","CNTRY":"USA"},"id":"C20029"},
{"type":"Feature","geometry":{"type":"Polygon","coordinates":[[[-96.963,39.133],[-97.372,39.134],[-97.37,39.307],[-97.368,39.568],[-96.964,39.567],[-96.961,39.308],[-96.962,39.22],[-96.963,39.133]]]},"properties":{"name":"Clay","id":"C20027","STATE":"KS","FIPS":"20027","TYPE":"County","CNTRY":"USA"},"id":"C20027"},
{"type":"Feature","geometry":{"type":"Polygon","coordinates":[[[-100.09,36.998],[-100.09,37.386],[-100.106,37.386],[-100.107,37.475],[-99.556,37.469],[-99.555,37.383],[-99.544,37.383],[-99.54,37],[-100.001,36.998],[-100.09,36.998]]]},"properties":{"name":"Clark","id":"C20025","STATE":"KS","FIPS":"20025","TYPE":"County","CNTRY":"USA"},"id":"C20025"},
{"type":"Feature","geometry":{"type":"Polygon","coordinates":[[[-101.413,39.568],[-101.612,39.568],[-102.048,39.569],[-102.049,40.004],[-101.779,40.004],[-101.411,40.005],[-101.41,39.829],[-101.413,39.568]]]},"properties":{"name":"Cheyenne","id":"C20023","STATE":"KS","FIPS":"20023","TYPE":"County","CNTRY":"USA"},"id":"C20023"},
{"type":"Feature","geometry":{"type":"Polygon","coordinates":[[[-95.072,36.999],[-95.074,37.342],[-94.617,37.338],[-94.619,37],[-94.859,37],[-95.072,36.999]]]},"properties":{"name":"Cherokee","id":"C20021","STATE":"KS","FIPS":"20021","TYPE":"County","CNTRY":"USA"},"id":"C20021"},
{"type":"Feature","geometry":{"type":"Polygon","coordinates":[[[-95.965,37],[-96.304,37.001],[-96.528,37.001],[-96.527,37.303],[-95.963,37.3],[-95.965,37]]]},"properties":{"name":"Chautauqua","id":"C20019","STATE":"KS","FIPS":"20019","TYPE":"County","CNTRY":"USA"},"id":"C20019"},
{"type":"Feature","geometry":{"type":"Polygon","coordinates":[[[-96.358,38.174],[-96.355,38.087],[-96.524,38.087],[-96.84,38.086],[-96.843,38.349],[-96.821,38.349],[-96.821,38.524],[-96.354,38.523],[-96.358,38.174]]]},"properties":{"name":"Chase","id":"C20017","STATE":"KS","FIPS":"20017","TYPE":"County","CNTRY":"USA"},"id":"C20017"},
{"type":"Feature","geometry":{"type":"Polygon","coordinates":[[[-97.154,38.088],[-96.84,38.086],[-96.524,38.087],[-96.526,37.608],[-96.526,37.477],[-97.151,37.476],[-97.153,37.913],[-97.154,38.088]]]},"properties":{"name":"Butler","id":"C20015","STATE":"KS","FIPS":"20015","TYPE":"County","CNTRY":"USA"},"id":"C20015"},
{"type":"Feature","geometry":{"type":"Polygon","coordinates":[[[-95.34,40.001],[-95.34,39.652],[-95.564,39.654],[-95.788,39.654],[-95.786,40.002],[-95.546,40.002],[-95.34,40.001]]]},"properties":{"name":"Brown","id":"C20013","STATE":"KS","FIPS":"20013","TYPE":"County","CNTRY":"USA"},"id":"C20013"},
{"type":"Feature","geometry":{"type":"Polygon","coordinates":[[[-94.615,38.036],[-94.616,37.674],[-95.088,37.675],[-95.087,37.733],[-95.089,37.821],[-95.077,37.821],[-95.079,38.038],[-94.615,38.036]]]},"properties":{"name":"Bourbon","id":"C20011","STATE":"KS","FIPS":"20011","TYPE":"County","CNTRY":"USA"},"id":"C20011"},
{"type":"Feature","geometry":{"type":"Polygon","coordinates":[[[-98.482,38.521],[-98.482,38.26],[-98.914,38.261],[-99.032,38.262],[-99.033,38.348],[-99.033,38.697],[-98.598,38.695],[-98.487,38.697],[-98.481,38.697],[-98.482,38.521]]]},"properties":{"name":"Barton","id":"C20009","STATE":"KS","FIPS":"20009","TYPE":"County","CNTRY":"USA"},"id":"C20009"},
{"type":"Feature","geometry":{"type":"Polygon","coordinates":[[[-98.466,37.472],[-98.467,37.385],[-98.35,37.385],[-98.348,37],[-98.546,37],[-99.001,37.001],[-99.001,37.385],[-99.014,37.385],[-99.014,37.471],[-98.466,37.472]]]},"properties":{"name":"Barber","id":"C20007","STATE":"KS","FIPS":"20007","TYPE":"County","CNTRY":"USA"},"id":"C20007"},
{"type":"Feature","geometry":{"type":"Polygon","coordinates":[[[-95.564,39.654],[-95.34,39.652],[-95.116,39.653],[-95.096,39.625],[-95.055,39.624],[-95.046,39.601],[-95.058,39.584],[-95.075,39.578],[-95.104,39.581],[-95.115,39.567],[-95.105,39.536],[-95.057,39.504],[-95.046,39.474],[-95.035,39.462],[-94.991,39.448],[-94.968,39.419],[-95.179,39.419],[-95.571,39.42],[-95.57,39.566],[-95.564,39.566],[-95.564,39.654]]]},"properties":{"name":"Atchison","id":"C20005","STATE":"KS","FIPS":"20005","TYPE":"County","CNTRY":"USA"},"id":"C20005"},
{"type":"Feature","geometry":{"type":"Polygon","coordinates":[[[-95.079,38.038],[-95.52,38.038],[-95.512,38.25],[-95.5,38.25],[-95.51,38.39],[-95.066,38.391],[-95.062,38.255],[-95.072,38.253],[-95.079,38.038]]]},"properties":{"name":"Anderson","id":"C20003","STATE":"KS","FIPS":"20003","TYPE":"County","CNTRY":"USA"},"id":"C20003"},
{"type":"Feature","geometry":{"type":"Polygon","coordinates":[[[-95.087,37.733],[-95.526,37.733],[-95.525,37.821],[-95.519,37.821],[-95.52,38.038],[-95.079,38.038],[-95.077,37.821],[-95.089,37.821],[-95.087,37.733]]]},"properties":{"name":"Allen","id":"C20001","STATE":"KS","FIPS":"20001","TYPE":"County","CNTRY":"USA"},"id":"C20001"}
]}