{"type":"FeatureCollection", "features": [
{"type":"Feature","geometry":{"type":"Polygon","coordinates":[[[-97.368,40.699],[-97.825,40.699],[-97.828,41.047],[-97.368,41.047],[-97.368,40.699]]]},"properties":{"name":"York","id":"C31185","STATE":"NE","FIPS":"31185","TYPE":"County","CNTRY":"USA"},"id":"C31185"},
{"type":"Feature","geometry":{"type":"Polygon","coordinates":[[[-98.296,41.742],[-98.753,41.74],[-98.759,41.74],[-98.761,42.087],[-98.3,42.089],[-98.295,41.915],[-98.296,41.742]]]},"properties":{"name":"Wheeler","id":"C31183","STATE":"NE","FIPS":"31183","TYPE":"County","CNTRY":"USA"},"id":"C31183"},
{"type":"Feature","geometry":{"type":"Polygon","coordinates":[[[-98.278,40.351],[-98.274,40.351],[-98.275,40.004],[-98.729,40.003],[-98.727,40.352],[-98.724,40.352],[-98.278,40.351]]]},"properties":{"name":"Webster","id":"C31181","STATE":"NE","FIPS":"31181","TYPE":"County","CNTRY":"USA"},"id":"C31181"},
{"type":"Feature","geometry":{"type":"Polygon","coordinates":[[[-97.019,42.353],[-97.018,42.266],[-96.825,42.266],[-96.823,42.093],[-97.018,42.092],[-97.369,42.092],[-97.369,42.354],[-97.019,42.353]]]},"properties":{"name":"Wayne","id":"C31179","STATE":"NE","FIPS":"31179","TYPE":"County","CNTRY":"USA"},"id":"C31179"},
{"type":"Feature","geometry":{"type":"Polygon","coordinates":[[[-95.937,41.394],[-96.33,41.394],[-96.434,41.493],[-96.443,41.536],[-96.444,41.684],[-96.119,41.682],[-96.094,41.64],[-96.115,41.61],[-96.074,41.573],[-96.096,41.545],[-96.017,41.487],[-95.924,41.461],[-95.937,41.394]]]},"properties":{"name":"Washington","id":"C31177","STATE":"NE","FIPS":"31177","TYPE":"County","CNTRY":"USA"},"id":"C31177"},
{"type":"Feature","geometry":{"type":"Polygon","coordinates":[[[-98.753,41.74],[-98.75,41.394],[-99.201,41.394],[-99.21,41.394],[-99.215,41.74],[-98.759,41.74],[-98.753,41.74]]]},"properties":{"name":"Valley","id":"C31175","STATE":"NE","FIPS":"31175","TYPE":"County","CNTRY":"USA"},"id":"C31175"},
{"type":"Feature","geometry":{"type":"Polygon","coordinates":[[[-96.273,42.047],[-96.311,42.019],[-96.554,42.017],[-96.556,42.093],[-96.823,42.093],[-96.825,42.266],[-96.727,42.28],[-96.357,42.277],[-96.322,42.232],[-96.358,42.215],[-96.34,42.159],[-96.269,42.115],[-96.273,42.047]]]},"properties":{"name":"Thurston","id":"C31173","STATE":"NE","FIPS":"31173","TYPE":"County","CNTRY":"USA"},"id":"C31173"},
{"type":"Feature","geometry":{"type":"Polygon","coordinates":[[[-100.266,41.741],[-100.71,41.741],[-100.844,41.74],[-100.844,42.09],[-100.268,42.087],[-100.266,41.741]]]},"properties":{"name":"Thomas","id":"C31171","STATE":"NE","FIPS":"31171","TYPE":"County","CNTRY":"USA"},"id":"C31171"},
{"type":"Feature","geometry":{"type":"Polygon","coordinates":[[[-97.369,40.351],[-97.371,40.004],[-97.822,40.004],[-97.821,40.351],[-97.369,40.351]]]},"properties":{"name":"Thayer","id":"C31169","STATE":"NE","FIPS":"31169","TYPE":"County","CNTRY":"USA"},"id":"C31169"},
{"type":"Feature","geometry":{"type":"Polygon","coordinates":[[[-97.369,42.092],[-97.018,42.092],[-97.02,41.746],[-97.25,41.746],[-97.367,41.746],[-97.369,42.092]]]},"properties":{"name":"Stanton","id":"C31167","STATE":"NE","FIPS":"31167","TYPE":"County","CNTRY":"USA"},"id":"C31167"},
{"type":"Feature","geometry":{"type":"Polygon","coordinates":[[[-103.506,43.001],[-103.499,42.786],[-103.479,42.786],[-103.478,42.438],[-103.444,42.439],[-103.446,42.09],[-103.401,42.09],[-103.399,42.004],[-104.052,42.002],[-104.052,42.613],[-104.053,43.003],[-103.506,43.001]]]},"properties":{"name":"Sioux","id":"C31165","STATE":"NE","FIPS":"31165","TYPE":"County","CNTRY":"USA"},"id":"C31165"},
{"type":"Feature","geometry":{"type":"Polygon","coordinates":[[[-99.201,41.394],[-98.75,41.394],[-98.745,41.394],[-98.748,41.048],[-99.208,41.048],[-99.201,41.394]]]},"properties":{"name":"Sherman","id":"C31163","STATE":"NE","FIPS":"31163","TYPE":"County","CNTRY":"USA"},"id":"C31163"},
{"type":"Feature","geometry":{"type":"Polygon","coordinates":[[[-102.006,42.096],[-102.008,42.008],[-102.067,42.009],[-102.357,42.006],[-102.675,42.005],[-102.699,42.005],[-102.703,42.092],[-102.743,42.092],[-102.75,42.439],[-102.774,42.44],[-102.776,42.786],[-102.794,42.786],[-102.79,43],[-102.083,42.998],[-102.085,42.786],[-102.067,42.787],[-102.067,42.445],[-102.04,42.445],[-102.039,42.096],[-102.006,42.096]]]},"properties":{"name":"Sheridan","id":"C31161","STATE":"NE","FIPS":"31161","TYPE":"County","CNTRY":"USA"},"id":"C31161"},
{"type":"Feature","geometry":{"type":"Polygon","coordinates":[[[-96.911,41.048],[-96.914,40.697],[-97.368,40.699],[-97.368,41.047],[-96.911,41.048]]]},"properties":{"name":"Seward","id":"C31159","STATE":"NE","FIPS":"31159","TYPE":"County","CNTRY":"USA"},"id":"C31159"},
{"type":"Feature","geometry":{"type":"Polygon","coordinates":[[[-103.361,42.004],[-103.361,41.744],[-103.368,41.699],[-104.052,41.698],[-104.052,42.002],[-103.399,42.004],[-103.361,42.004]]]},"properties":{"name":"Scotts Bluff","id":"C31157","STATE":"NE","FIPS":"31157","TYPE":"County","CNTRY":"USA"},"id":"C31157"},
{"type":"Feature","geometry":{"type":"Polygon","coordinates":[[[-96.473,41.394],[-96.421,41.365],[-96.405,41.312],[-96.349,41.263],[-96.365,41.236],[-96.327,41.19],[-96.312,41.113],[-96.339,41.082],[-96.319,41.045],[-96.35,41.015],[-96.464,41.015],[-96.463,41.046],[-96.908,41.048],[-96.904,41.455],[-96.81,41.44],[-96.761,41.449],[-96.688,41.426],[-96.578,41.434],[-96.473,41.394]]]},"properties":{"name":"Saunders","id":"C31155","STATE":"NE","FIPS":"31155","TYPE":"County","CNTRY":"USA"},"id":"C31155"},
{"type":"Feature","geometry":{"type":"Polygon","coordinates":[[[-95.879,41.054],[-95.985,41.051],[-96.061,41.064],[-96.15,41.013],[-96.226,40.997],[-96.319,41.045],[-96.339,41.082],[-96.312,41.113],[-96.327,41.19],[-95.921,41.189],[-95.859,41.186],[-95.88,41.146],[-95.86,41.087],[-95.879,41.054]]]},"properties":{"name":"Sarpy","id":"C31153","STATE":"NE","FIPS":"31153","TYPE":"County","CNTRY":"USA"},"id":"C31153"},
{"type":"Feature","geometry":{"type":"Polygon","coordinates":[[[-96.912,40.523],[-96.916,40.35],[-97.369,40.351],[-97.368,40.699],[-96.914,40.697],[-96.912,40.523]]]},"properties":{"name":"Saline","id":"C31151","STATE":"NE","FIPS":"31151","TYPE":"County","CNTRY":"USA"},"id":"C31151"},
{"type":"Feature","geometry":{"type":"Polygon","coordinates":[[[-99.255,42.805],[-99.244,42.782],[-99.242,42.432],[-99.233,42.432],[-99.233,42.087],[-99.663,42.086],[-99.663,42.433],[-99.675,42.433],[-99.678,42.73],[-99.532,42.72],[-99.483,42.731],[-99.407,42.773],[-99.33,42.782],[-99.255,42.805]]]},"properties":{"name":"Rock","id":"C31149","STATE":"NE","FIPS":"31149","TYPE":"County","CNTRY":"USA"},"id":"C31149"},
{"type":"Feature","geometry":{"type":"Polygon","coordinates":[[[-96.01,40.001],[-96.01,40.262],[-95.553,40.262],[-95.471,40.235],[-95.479,40.186],[-95.434,40.157],[-95.394,40.107],[-95.411,40.036],[-95.349,40.029],[-95.308,40],[-96.01,40.001]]]},"properties":{"name":"Richardson","id":"C31147","STATE":"NE","FIPS":"31147","TYPE":"County","CNTRY":"USA"},"id":"C31147"},
{"type":"Feature","geometry":{"type":"Polygon","coordinates":[[[-100.196,40.35],[-100.192,40.003],[-100.757,40.003],[-100.757,40.349],[-100.196,40.35]]]},"properties":{"name":"Red Willow","id":"C31145","STATE":"NE","FIPS":"31145","TYPE":"County","CNTRY":"USA"},"id":"C31145"},
{"type":"Feature","geometry":{"type":"Polygon","coordinates":[[[-97.368,41.395],[-97.368,41.047],[-97.828,41.047],[-97.828,41.173],[-97.766,41.235],[-97.655,41.309],[-97.597,41.333],[-97.522,41.362],[-97.45,41.369],[-97.368,41.395]]]},"properties":{"name":"Polk","id":"C31143","STATE":"NE","FIPS":"31143","TYPE":"County","CNTRY":"USA"},"id":"C31143"},
{"type":"Feature","geometry":{"type":"Polygon","coordinates":[[[-97.25,41.746],[-97.253,41.379],[-97.368,41.395],[-97.45,41.369],[-97.522,41.362],[-97.597,41.333],[-97.598,41.395],[-97.705,41.395],[-97.705,41.527],[-97.83,41.527],[-97.83,41.744],[-97.367,41.746],[-97.25,41.746]]]},"properties":{"name":"Platte","id":"C31141","STATE":"NE","FIPS":"31141","TYPE":"County","CNTRY":"USA"},"id":"C31141"},
{"type":"Feature","geometry":{"type":"Polygon","coordinates":[[[-97.486,42.44],[-97.369,42.44],[-97.369,42.354],[-97.369,42.092],[-97.834,42.091],[-97.835,42.44],[-97.486,42.44]]]},"properties":{"name":"Pierce","id":"C31139","STATE":"NE","FIPS":"31139","TYPE":"County","CNTRY":"USA"},"id":"C31139"},
{"type":"Feature","geometry":{"type":"Polygon","coordinates":[[[-99.417,40.669],[-99.179,40.659],[-99.179,40.35],[-99.631,40.35],[-99.642,40.35],[-99.643,40.685],[-99.417,40.669]]]},"properties":{"name":"Phelps","id":"C31137","STATE":"NE","FIPS":"31137","TYPE":"County","CNTRY":"USA"},"id":"C31137"},
{"type":"Feature","geometry":{"type":"Polygon","coordinates":[[[-101.248,41.005],[-101.246,40.697],[-101.343,40.697],[-102.05,40.698],[-102.05,41.002],[-102.05,41.004],[-101.362,41.004],[-101.248,41.005]]]},"properties":{"name":"Perkins","id":"C31135","STATE":"NE","FIPS":"31135","TYPE":"County","CNTRY":"USA"},"id":"C31135"},
{"type":"Feature","geometry":{"type":"Polygon","coordinates":[[[-96.463,40.263],[-96.065,40.262],[-96.01,40.262],[-96.01,40.001],[-96.464,40.003],[-96.463,40.263]]]},"properties":{"name":"Pawnee","id":"C31133","STATE":"NE","FIPS":"31133","TYPE":"County","CNTRY":"USA"},"id":"C31133"},
{"type":"Feature","geometry":{"type":"Polygon","coordinates":[[[-95.833,40.785],[-95.888,40.736],[-95.842,40.677],[-95.775,40.647],[-95.753,40.592],[-95.76,40.528],[-95.71,40.524],[-96.069,40.523],[-96.464,40.523],[-96.464,40.783],[-95.833,40.785]]]},"properties":{"name":"Otoe","id":"C31131","STATE":"NE","FIPS":"31131","TYPE":"County","CNTRY":"USA"},"id":"C31131"},
{"type":"Feature","geometry":{"type":"Polygon","coordinates":[[[-97.824,40.351],[-97.821,40.351],[-97.822,40.004],[-98.275,40.004],[-98.274,40.351],[-97.824,40.351]]]},"properties":{"name":"Nuckolls","id":"C31129","STATE":"NE","FIPS":"31129","TYPE":"County","CNTRY":"USA"},"id":"C31129"},
{"type":"Feature","geometry":{"type":"Polygon","coordinates":[[[-95.553,40.262],[-96.01,40.262],[-96.065,40.262],[-96.069,40.523],[-95.71,40.524],[-95.617,40.314],[-95.551,40.286],[-95.553,40.262]]]},"properties":{"name":"Nemaha","id":"C31127","STATE":"NE","FIPS":"31127","TYPE":"County","CNTRY":"USA"},"id":"C31127"},
{"type":"Feature","geometry":{"type":"Polygon","coordinates":[[[-97.705,41.395],[-97.705,41.31],[-97.898,41.308],[-97.897,41.291],[-98.054,41.294],[-98.102,41.263],[-98.275,41.264],[-98.287,41.395],[-98.291,41.395],[-98.291,41.48],[-98.079,41.481],[-98.042,41.512],[-97.884,41.511],[-97.83,41.527],[-97.705,41.527],[-97.705,41.395]]]},"properties":{"name":"Nance","id":"C31125","STATE":"NE","FIPS":"31125","TYPE":"County","CNTRY":"USA"},"id":"C31125"},
{"type":"Feature","geometry":{"type":"Polygon","coordinates":[[[-102.675,42.005],[-102.679,41.831],[-102.665,41.741],[-102.636,41.742],[-102.639,41.438],[-103.37,41.436],[-103.368,41.699],[-103.361,41.744],[-103.361,42.004],[-102.815,42.003],[-102.699,42.005],[-102.675,42.005]]]},"properties":{"name":"Morrill","id":"C31123","STATE":"NE","FIPS":"31123","TYPE":"County","CNTRY":"USA"},"id":"C31123"},
{"type":"Feature","geometry":{"type":"Polygon","coordinates":[[[-97.828,41.173],[-97.892,41.112],[-98.019,41.066],[-98.086,41.011],[-98.132,40.996],[-98.283,40.872],[-98.286,41.047],[-98.287,41.395],[-98.275,41.264],[-98.102,41.263],[-98.054,41.294],[-97.897,41.291],[-97.898,41.308],[-97.705,41.31],[-97.705,41.395],[-97.598,41.395],[-97.597,41.333],[-97.655,41.309],[-97.766,41.235],[-97.828,41.173]]]},"properties":{"name":"Merrick","id":"C31121","STATE":"NE","FIPS":"31121","TYPE":"County","CNTRY":"USA"},"id":"C31121"},
{"type":"Feature","geometry":{"type":"Polygon","coordinates":[[[-100.844,41.74],[-100.71,41.741],[-100.713,41.394],[-101.27,41.396],[-101.405,41.395],[-101.404,41.743],[-100.844,41.74]]]},"properties":{"name":"McPherson","id":"C31117","STATE":"NE","FIPS":"31117","TYPE":"County","CNTRY":"USA"},"id":"C31117"},
{"type":"Feature","geometry":{"type":"Polygon","coordinates":[[[-97.367,41.746],[-97.83,41.744],[-97.833,41.918],[-97.834,42.091],[-97.369,42.092],[-97.367,41.746]]]},"properties":{"name":"Madison","id":"C31119","STATE":"NE","FIPS":"31119","TYPE":"County","CNTRY":"USA"},"id":"C31119"},
{"type":"Feature","geometry":{"type":"Polygon","coordinates":[[[-99.221,41.74],[-99.684,41.741],[-99.684,42.086],[-99.663,42.086],[-99.233,42.087],[-99.22,42.087],[-99.221,41.74]]]},"properties":{"name":"Loup","id":"C31115","STATE":"NE","FIPS":"31115","TYPE":"County","CNTRY":"USA"},"id":"C31115"},
{"type":"Feature","geometry":{"type":"Polygon","coordinates":[[[-100.266,41.741],[-100.251,41.741],[-100.251,41.395],[-100.713,41.394],[-100.71,41.741],[-100.266,41.741]]]},"properties":{"name":"Logan","id":"C31113","STATE":"NE","FIPS":"31113","TYPE":"County","CNTRY":"USA"},"id":"C31113"},
{"type":"Feature","geometry":{"type":"Polygon","coordinates":[[[-100.713,41.394],[-100.251,41.395],[-100.236,41.392],[-100.239,41.048],[-100.222,41.048],[-100.222,40.702],[-100.779,40.7],[-101.246,40.697],[-101.248,41.005],[-101.269,41.049],[-101.27,41.396],[-100.713,41.394]]]},"properties":{"name":"Lincoln","id":"C31111","STATE":"NE","FIPS":"31111","TYPE":"County","CNTRY":"USA"},"id":"C31111"},
{"type":"Feature","geometry":{"type":"Polygon","coordinates":[[[-96.464,41.015],[-96.464,40.783],[-96.464,40.523],[-96.912,40.523],[-96.914,40.697],[-96.911,41.048],[-96.908,41.048],[-96.463,41.046],[-96.464,41.015]]]},"properties":{"name":"Lancaster","id":"C31109","STATE":"NE","FIPS":"31109","TYPE":"County","CNTRY":"USA"},"id":"C31109"},
{"type":"Feature","geometry":{"type":"Polygon","coordinates":[[[-97.484,42.868],[-97.486,42.44],[-97.835,42.44],[-98.3,42.437],[-98.305,42.763],[-98.31,42.882],[-98.242,42.866],[-98.127,42.82],[-98.056,42.771],[-98.012,42.762],[-97.942,42.776],[-97.827,42.869],[-97.792,42.84],[-97.708,42.859],[-97.682,42.833],[-97.634,42.86],[-97.59,42.842],[-97.484,42.868]]]},"properties":{"name":"Knox","id":"C31107","STATE":"NE","FIPS":"31107","TYPE":"County","CNTRY":"USA"},"id":"C31107"},
{"type":"Feature","geometry":{"type":"Polygon","coordinates":[[[-103.378,41.393],[-103.378,41.047],[-103.385,41.003],[-104.053,41.002],[-104.052,41.395],[-103.715,41.393],[-103.378,41.393]]]},"properties":{"name":"Kimball","id":"C31105","STATE":"NE","FIPS":"31105","TYPE":"County","CNTRY":"USA"},"id":"C31105"},
{"type":"Feature","geometry":{"type":"Polygon","coordinates":[[[-99.253,42.997],[-99.255,42.805],[-99.33,42.782],[-99.407,42.773],[-99.483,42.731],[-99.532,42.72],[-99.678,42.73],[-99.787,42.739],[-99.985,42.783],[-100.076,42.79],[-100.135,42.807],[-100.199,42.846],[-100.198,42.997],[-99.653,42.998],[-99.253,42.997]]]},"properties":{"name":"Keya Paha","id":"C31103","STATE":"NE","FIPS":"31103","TYPE":"County","CNTRY":"USA"},"id":"C31103"},
{"type":"Feature","geometry":{"type":"Polygon","coordinates":[[[-101.27,41.396],[-101.269,41.049],[-101.248,41.005],[-101.362,41.004],[-102.05,41.004],[-102.056,41.221],[-102.055,41.394],[-101.985,41.395],[-101.405,41.395],[-101.27,41.396]]]},"properties":{"name":"Keith","id":"C31101","STATE":"NE","FIPS":"31101","TYPE":"County","CNTRY":"USA"},"id":"C31101"},
{"type":"Feature","geometry":{"type":"Polygon","coordinates":[[[-98.726,40.689],[-98.724,40.352],[-98.727,40.352],[-99.179,40.35],[-99.179,40.659],[-99.07,40.653],[-98.985,40.66],[-98.903,40.654],[-98.831,40.675],[-98.726,40.689]]]},"properties":{"name":"Kearney","id":"C31099","STATE":"NE","FIPS":"31099","TYPE":"County","CNTRY":"USA"},"id":"C31099"},
{"type":"Feature","geometry":{"type":"Polygon","coordinates":[[[-96.069,40.523],[-96.065,40.262],[-96.463,40.263],[-96.464,40.523],[-96.069,40.523]]]},"properties":{"name":"Johnson","id":"C31097","STATE":"NE","FIPS":"31097","TYPE":"County","CNTRY":"USA"},"id":"C31097"},
{"type":"Feature","geometry":{"type":"Polygon","coordinates":[[[-96.916,40.35],[-96.918,40.003],[-97.001,40.002],[-97.371,40.004],[-97.369,40.351],[-96.916,40.35]]]},"properties":{"name":"Jefferson","id":"C31095","STATE":"NE","FIPS":"31095","TYPE":"County","CNTRY":"USA"},"id":"C31095"},
{"type":"Feature","geometry":{"type":"Polygon","coordinates":[[[-98.287,41.395],[-98.286,41.047],[-98.723,41.047],[-98.748,41.048],[-98.745,41.394],[-98.291,41.395],[-98.287,41.395]]]},"properties":{"name":"Howard","id":"C31093","STATE":"NE","FIPS":"31093","TYPE":"County","CNTRY":"USA"},"id":"C31093"},
{"type":"Feature","geometry":{"type":"Polygon","coordinates":[[[-100.844,41.74],[-101.404,41.743],[-101.425,41.743],[-101.425,42.094],[-100.844,42.09],[-100.844,41.74]]]},"properties":{"name":"Hooker","id":"C31091","STATE":"NE","FIPS":"31091","TYPE":"County","CNTRY":"USA"},"id":"C31091"},
{"type":"Feature","geometry":{"type":"Polygon","coordinates":[[[-98.305,42.763],[-98.3,42.437],[-98.3,42.089],[-98.761,42.087],[-99.22,42.087],[-99.233,42.087],[-99.233,42.432],[-99.242,42.432],[-99.244,42.782],[-99.255,42.805],[-99.16,42.839],[-99.058,42.862],[-99.01,42.888],[-98.954,42.893],[-98.889,42.844],[-98.84,42.846],[-98.712,42.803],[-98.642,42.805],[-98.587,42.781],[-98.453,42.768],[-98.352,42.774],[-98.305,42.763]]]},"properties":{"name":"Holt","id":"C31089","STATE":"NE","FIPS":"31089","TYPE":"County","CNTRY":"USA"},"id":"C31089"},
{"type":"Feature","geometry":{"type":"Polygon","coordinates":[[[-100.776,40.349],[-100.757,40.349],[-100.757,40.003],[-101.322,40.004],[-101.323,40.351],[-100.776,40.349]]]},"properties":{"name":"Hitchcock","id":"C31087","STATE":"NE","FIPS":"31087","TYPE":"County","CNTRY":"USA"},"id":"C31087"},
{"type":"Feature","geometry":{"type":"Polygon","coordinates":[[[-100.779,40.7],[-100.784,40.686],[-100.776,40.349],[-101.323,40.351],[-101.342,40.352],[-101.343,40.697],[-101.246,40.697],[-100.779,40.7]]]},"properties":{"name":"Hayes","id":"C31085","STATE":"NE","FIPS":"31085","TYPE":"County","CNTRY":"USA"},"id":"C31085"},
{"type":"Feature","geometry":{"type":"Polygon","coordinates":[[[-99.179,40.35],[-99.18,40.002],[-99.628,40.003],[-99.631,40.35],[-99.179,40.35]]]},"properties":{"name":"Harlan","id":"C31083","STATE":"NE","FIPS":"31083","TYPE":"County","CNTRY":"USA"},"id":"C31083"},
{"type":"Feature","geometry":{"type":"Polygon","coordinates":[[[-97.828,41.173],[-97.828,41.047],[-97.825,40.699],[-98.278,40.699],[-98.283,40.699],[-98.283,40.872],[-98.132,40.996],[-98.086,41.011],[-98.019,41.066],[-97.892,41.112],[-97.828,41.173]]]},"properties":{"name":"Hamilton","id":"C31081","STATE":"NE","FIPS":"31081","TYPE":"County","CNTRY":"USA"},"id":"C31081"},
{"type":"Feature","geometry":{"type":"Polygon","coordinates":[[[-98.283,40.872],[-98.283,40.699],[-98.722,40.7],[-98.723,41.047],[-98.286,41.047],[-98.283,40.872]]]},"properties":{"name":"Hall","id":"C31079","STATE":"NE","FIPS":"31079","TYPE":"County","CNTRY":"USA"},"id":"C31079"},
{"type":"Feature","geometry":{"type":"Polygon","coordinates":[[[-98.291,41.395],[-98.745,41.394],[-98.75,41.394],[-98.753,41.74],[-98.296,41.742],[-98.291,41.48],[-98.291,41.395]]]},"properties":{"name":"Greeley","id":"C31077","STATE":"NE","FIPS":"31077","TYPE":"County","CNTRY":"USA"},"id":"C31077"},
{"type":"Feature","geometry":{"type":"Polygon","coordinates":[[[-101.425,42.094],[-101.425,41.743],[-101.987,41.742],[-102.068,41.743],[-102.067,42.009],[-102.008,42.008],[-102.006,42.096],[-101.803,42.093],[-101.425,42.094]]]},"properties":{"name":"Grant","id":"C31075","STATE":"NE","FIPS":"31075","TYPE":"County","CNTRY":"USA"},"id":"C31075"},
{"type":"Feature","geometry":{"type":"Polygon","coordinates":[[[-99.643,40.685],[-99.642,40.35],[-100.093,40.351],[-100.095,40.437],[-99.982,40.439],[-99.982,40.7],[-99.702,40.7],[-99.643,40.685]]]},"properties":{"name":"Gosper","id":"C31073","STATE":"NE","FIPS":"31073","TYPE":"County","CNTRY":"USA"},"id":"C31073"},
{"type":"Feature","geometry":{"type":"Polygon","coordinates":[[[-98.761,42.087],[-98.759,41.74],[-99.215,41.74],[-99.221,41.74],[-99.22,42.087],[-98.761,42.087]]]},"properties":{"name":"Garfield","id":"C31071","STATE":"NE","FIPS":"31071","TYPE":"County","CNTRY":"USA"},"id":"C31071"},
{"type":"Feature","geometry":{"type":"Polygon","coordinates":[[[-101.987,41.742],[-101.985,41.395],[-102.055,41.394],[-102.056,41.221],[-102.61,41.221],[-102.608,41.395],[-102.639,41.438],[-102.636,41.742],[-102.665,41.741],[-102.679,41.831],[-102.675,42.005],[-102.357,42.006],[-102.067,42.009],[-102.068,41.743],[-101.987,41.742]]]},"properties":{"name":"Garden","id":"C31069","STATE":"NE","FIPS":"31069","TYPE":"County","CNTRY":"USA"},"id":"C31069"},
{"type":"Feature","geometry":{"type":"Polygon","coordinates":[[[-96.464,40.523],[-96.463,40.263],[-96.464,40.003],[-97.001,40.002],[-96.918,40.003],[-96.916,40.35],[-96.912,40.523],[-96.464,40.523]]]},"properties":{"name":"Gage","id":"C31067","STATE":"NE","FIPS":"31067","TYPE":"County","CNTRY":"USA"},"id":"C31067"},
{"type":"Feature","geometry":{"type":"Polygon","coordinates":[[[-99.642,40.35],[-99.631,40.35],[-99.628,40.003],[-100.192,40.003],[-100.196,40.35],[-100.093,40.351],[-99.642,40.35]]]},"properties":{"name":"Furnas","id":"C31065","STATE":"NE","FIPS":"31065","TYPE":"County","CNTRY":"USA"},"id":"C31065"},
{"type":"Feature","geometry":{"type":"Polygon","coordinates":[[[-100.093,40.351],[-100.196,40.35],[-100.757,40.349],[-100.776,40.349],[-100.784,40.686],[-100.779,40.7],[-100.222,40.702],[-99.982,40.7],[-99.982,40.439],[-100.095,40.437],[-100.093,40.351]]]},"properties":{"name":"Frontier","id":"C31063","STATE":"NE","FIPS":"31063","TYPE":"County","CNTRY":"USA"},"id":"C31063"},
{"type":"Feature","geometry":{"type":"Polygon","coordinates":[[[-98.729,40.003],[-99.18,40.002],[-99.179,40.35],[-98.727,40.352],[-98.729,40.003]]]},"properties":{"name":"Franklin","id":"C31061","STATE":"NE","FIPS":"31061","TYPE":"County","CNTRY":"USA"},"id":"C31061"},
{"type":"Feature","geometry":{"type":"Polygon","coordinates":[[[-97.368,40.699],[-97.369,40.351],[-97.821,40.351],[-97.824,40.351],[-97.825,40.699],[-97.368,40.699]]]},"properties":{"name":"Fillmore","id":"C31059","STATE":"NE","FIPS":"31059","TYPE":"County","CNTRY":"USA"},"id":"C31059"},
{"type":"Feature","geometry":{"type":"Polygon","coordinates":[[[-101.323,40.351],[-101.322,40.004],[-102.049,40.004],[-102.049,40.349],[-101.436,40.35],[-101.342,40.352],[-101.323,40.351]]]},"properties":{"name":"Dundy","id":"C31057","STATE":"NE","FIPS":"31057","TYPE":"County","CNTRY":"USA"},"id":"C31057"},
{"type":"Feature","geometry":{"type":"Polygon","coordinates":[[[-95.921,41.189],[-96.327,41.19],[-96.365,41.236],[-96.349,41.263],[-96.405,41.312],[-96.421,41.365],[-96.473,41.394],[-96.33,41.394],[-95.937,41.394],[-95.935,41.327],[-95.909,41.231],[-95.921,41.189]]]},"properties":{"name":"Douglas","id":"C31055","STATE":"NE","FIPS":"31055","TYPE":"County","CNTRY":"USA"},"id":"C31055"},
{"type":"Feature","geometry":{"type":"Polygon","coordinates":[[[-96.555,41.744],[-96.444,41.744],[-96.444,41.684],[-96.443,41.536],[-96.434,41.493],[-96.33,41.394],[-96.473,41.394],[-96.578,41.434],[-96.688,41.426],[-96.761,41.449],[-96.81,41.44],[-96.904,41.455],[-96.906,41.745],[-96.555,41.744]]]},"properties":{"name":"Dodge","id":"C31053","STATE":"NE","FIPS":"31053","TYPE":"County","CNTRY":"USA"},"id":"C31053"},
{"type":"Feature","geometry":{"type":"Polygon","coordinates":[[[-96.619,42.528],[-96.722,42.527],[-96.727,42.28],[-96.825,42.266],[-97.018,42.266],[-97.019,42.353],[-97.017,42.762],[-96.859,42.723],[-96.766,42.663],[-96.693,42.661],[-96.713,42.609],[-96.628,42.55],[-96.619,42.528]]]},"properties":{"name":"Dixon","id":"C31051","STATE":"NE","FIPS":"31051","TYPE":"County","CNTRY":"USA"},"id":"C31051"},
{"type":"Feature","geometry":{"type":"Polygon","coordinates":[[[-102.056,41.221],[-102.05,41.004],[-102.05,41.002],[-102.62,41.003],[-102.609,41.048],[-102.61,41.221],[-102.056,41.221]]]},"properties":{"name":"Deuel","id":"C31049","STATE":"NE","FIPS":"31049","TYPE":"County","CNTRY":"USA"},"id":"C31049"},
{"type":"Feature","geometry":{"type":"Polygon","coordinates":[[[-100.222,41.048],[-99.766,41.047],[-99.425,41.047],[-99.427,40.7],[-99.417,40.669],[-99.643,40.685],[-99.702,40.7],[-99.982,40.7],[-100.222,40.702],[-100.222,41.048]]]},"properties":{"name":"Dawson","id":"C31047","STATE":"NE","FIPS":"31047","TYPE":"County","CNTRY":"USA"},"id":"C31047"},
{"type":"Feature","geometry":{"type":"Polygon","coordinates":[[[-102.79,43],[-102.794,42.786],[-102.776,42.786],[-102.774,42.44],[-103.242,42.438],[-103.444,42.439],[-103.478,42.438],[-103.479,42.786],[-103.499,42.786],[-103.506,43.001],[-103.229,43],[-102.79,43]]]},"properties":{"name":"Dawes","id":"C31045","STATE":"NE","FIPS":"31045","TYPE":"County","CNTRY":"USA"},"id":"C31045"},
{"type":"Feature","geometry":{"type":"Polygon","coordinates":[[[-96.357,42.277],[-96.727,42.28],[-96.722,42.527],[-96.619,42.528],[-96.551,42.522],[-96.482,42.481],[-96.419,42.492],[-96.383,42.438],[-96.415,42.409],[-96.419,42.352],[-96.371,42.314],[-96.357,42.277]]]},"properties":{"name":"Dakota","id":"C31043","STATE":"NE","FIPS":"31043","TYPE":"County","CNTRY":"USA"},"id":"C31043"},
{"type":"Feature","geometry":{"type":"Polygon","coordinates":[[[-99.684,41.741],[-99.221,41.74],[-99.215,41.74],[-99.21,41.394],[-99.201,41.394],[-99.208,41.048],[-99.425,41.047],[-99.766,41.047],[-100.222,41.048],[-100.239,41.048],[-100.236,41.392],[-100.251,41.395],[-100.251,41.741],[-99.684,41.741]]]},"properties":{"name":"Custer","id":"C31041","STATE":"NE","FIPS":"31041","TYPE":"County","CNTRY":"USA"},"id":"C31041"},
{"type":"Feature","geometry":{"type":"Polygon","coordinates":[[[-96.555,41.744],[-96.906,41.745],[-97.02,41.746],[-97.018,42.092],[-96.823,42.093],[-96.556,42.093],[-96.554,42.017],[-96.555,41.744]]]},"properties":{"name":"Cuming","id":"C31039","STATE":"NE","FIPS":"31039","TYPE":"County","CNTRY":"USA"},"id":"C31039"},
{"type":"Feature","geometry":{"type":"Polygon","coordinates":[[[-97.253,41.379],[-97.25,41.746],[-97.02,41.746],[-96.906,41.745],[-96.904,41.455],[-97.001,41.414],[-97.095,41.388],[-97.253,41.379]]]},"properties":{"name":"Colfax","id":"C31037","STATE":"NE","FIPS":"31037","TYPE":"County","CNTRY":"USA"},"id":"C31037"},
{"type":"Feature","geometry":{"type":"Polygon","coordinates":[[[-98.278,40.699],[-97.825,40.699],[-97.824,40.351],[-98.274,40.351],[-98.278,40.351],[-98.278,40.699]]]},"properties":{"name":"Clay","id":"C31035","STATE":"NE","FIPS":"31035","TYPE":"County","CNTRY":"USA"},"id":"C31035"},
{"type":"Feature","geometry":{"type":"Polygon","coordinates":[[[-102.61,41.221],[-102.609,41.048],[-102.62,41.003],[-103.385,41.003],[-103.378,41.047],[-103.378,41.393],[-103.37,41.436],[-102.639,41.438],[-102.608,41.395],[-102.61,41.221]]]},"properties":{"name":"Cheyenne","id":"C31033","STATE":"NE","FIPS":"31033","TYPE":"County","CNTRY":"USA"},"id":"C31033"},
{"type":"Feature","geometry":{"type":"Polygon","coordinates":[[[-100.198,42.997],[-100.199,42.846],[-100.184,42.783],[-100.184,42.434],[-100.168,42.435],[-100.167,42.088],[-100.268,42.087],[-100.844,42.09],[-101.425,42.094],[-101.803,42.093],[-102.006,42.096],[-102.039,42.096],[-102.04,42.445],[-102.067,42.445],[-102.067,42.787],[-102.085,42.786],[-102.083,42.998],[-101.677,42.995],[-101.228,42.995],[-100.751,42.995],[-100.198,42.997]]]},"properties":{"name":"Cherry","id":"C31031","STATE":"NE","FIPS":"31031","TYPE":"County","CNTRY":"USA"},"id":"C31031"},
{"type":"Feature","geometry":{"type":"Polygon","coordinates":[[[-102.049,40.349],[-102.05,40.698],[-101.343,40.697],[-101.342,40.352],[-101.436,40.35],[-102.049,40.349]]]},"properties":{"name":"Chase","id":"C31029","STATE":"NE","FIPS":"31029","TYPE":"County","CNTRY":"USA"},"id":"C31029"},
{"type":"Feature","geometry":{"type":"Polygon","coordinates":[[[-97.017,42.762],[-97.019,42.353],[-97.369,42.354],[-97.369,42.44],[-97.486,42.44],[-97.484,42.868],[-97.441,42.846],[-97.356,42.874],[-97.219,42.847],[-97.21,42.809],[-97.135,42.774],[-97.017,42.762]]]},"properties":{"name":"Cedar","id":"C31027","STATE":"NE","FIPS":"31027","TYPE":"County","CNTRY":"USA"},"id":"C31027"},
{"type":"Feature","geometry":{"type":"Polygon","coordinates":[[[-95.879,41.054],[-95.869,41.009],[-95.828,40.973],[-95.838,40.939],[-95.811,40.9],[-95.843,40.87],[-95.833,40.785],[-96.464,40.783],[-96.464,41.015],[-96.35,41.015],[-96.319,41.045],[-96.226,40.997],[-96.15,41.013],[-96.061,41.064],[-95.985,41.051],[-95.879,41.054]]]},"properties":{"name":"Cass","id":"C31025","STATE":"NE","FIPS":"31025","TYPE":"County","CNTRY":"USA"},"id":"C31025"},
{"type":"Feature","geometry":{"type":"Polygon","coordinates":[[[-96.904,41.455],[-96.908,41.048],[-96.911,41.048],[-97.368,41.047],[-97.368,41.395],[-97.253,41.379],[-97.095,41.388],[-97.001,41.414],[-96.904,41.455]]]},"properties":{"name":"Butler","id":"C31023","STATE":"NE","FIPS":"31023","TYPE":"County","CNTRY":"USA"},"id":"C31023"},
{"type":"Feature","geometry":{"type":"Polygon","coordinates":[[[-96.119,41.682],[-96.444,41.684],[-96.444,41.744],[-96.555,41.744],[-96.554,42.017],[-96.311,42.019],[-96.273,42.047],[-96.134,41.97],[-96.16,41.908],[-96.109,41.826],[-96.068,41.786],[-96.119,41.682]]]},"properties":{"name":"Burt","id":"C31021","STATE":"NE","FIPS":"31021","TYPE":"County","CNTRY":"USA"},"id":"C31021"},
{"type":"Feature","geometry":{"type":"Polygon","coordinates":[[[-98.748,41.048],[-98.723,41.047],[-98.722,40.7],[-98.726,40.689],[-98.831,40.675],[-98.903,40.654],[-98.985,40.66],[-99.07,40.653],[-99.179,40.659],[-99.417,40.669],[-99.427,40.7],[-99.425,41.047],[-99.208,41.048],[-98.748,41.048]]]},"properties":{"name":"Buffalo","id":"C31019","STATE":"NE","FIPS":"31019","TYPE":"County","CNTRY":"USA"},"id":"C31019"},
{"type":"Feature","geometry":{"type":"Polygon","coordinates":[[[-99.678,42.73],[-99.675,42.433],[-99.663,42.433],[-99.663,42.086],[-99.684,42.086],[-100.167,42.088],[-100.168,42.435],[-100.184,42.434],[-100.184,42.783],[-100.199,42.846],[-100.135,42.807],[-100.076,42.79],[-99.985,42.783],[-99.787,42.739],[-99.678,42.73]]]},"properties":{"name":"Brown","id":"C31017","STATE":"NE","FIPS":"31017","TYPE":"County","CNTRY":"USA"},"id":"C31017"},
{"type":"Feature","geometry":{"type":"Polygon","coordinates":[[[-98.31,42.882],[-98.305,42.763],[-98.352,42.774],[-98.453,42.768],[-98.587,42.781],[-98.642,42.805],[-98.712,42.803],[-98.84,42.846],[-98.889,42.844],[-98.954,42.893],[-99.01,42.888],[-99.058,42.862],[-99.16,42.839],[-99.255,42.805],[-99.253,42.997],[-98.5,42.998],[-98.438,42.93],[-98.31,42.882]]]},"properties":{"name":"Boyd","id":"C31015","STATE":"NE","FIPS":"31015","TYPE":"County","CNTRY":"USA"},"id":"C31015"},
{"type":"Feature","geometry":{"type":"Polygon","coordinates":[[[-102.699,42.005],[-102.815,42.003],[-103.361,42.004],[-103.399,42.004],[-103.401,42.09],[-103.446,42.09],[-103.444,42.439],[-103.242,42.438],[-102.774,42.44],[-102.75,42.439],[-102.743,42.092],[-102.703,42.092],[-102.699,42.005]]]},"properties":{"name":"Box Butte","id":"C31013","STATE":"NE","FIPS":"31013","TYPE":"County","CNTRY":"USA"},"id":"C31013"},
{"type":"Feature","geometry":{"type":"Polygon","coordinates":[[[-98.291,41.48],[-98.296,41.742],[-98.295,41.915],[-97.833,41.918],[-97.83,41.744],[-97.83,41.527],[-97.884,41.511],[-98.042,41.512],[-98.079,41.481],[-98.291,41.48]]]},"properties":{"name":"Boone","id":"C31011","STATE":"NE","FIPS":"31011","TYPE":"County","CNTRY":"USA"},"id":"C31011"},
{"type":"Feature","geometry":{"type":"Polygon","coordinates":[[[-100.167,42.088],[-99.684,42.086],[-99.684,41.741],[-100.251,41.741],[-100.266,41.741],[-100.268,42.087],[-100.167,42.088]]]},"properties":{"name":"Blaine","id":"C31009","STATE":"NE","FIPS":"31009","TYPE":"County","CNTRY":"USA"},"id":"C31009"},
{"type":"Feature","geometry":{"type":"Polygon","coordinates":[[[-103.37,41.436],[-103.378,41.393],[-103.715,41.393],[-104.052,41.395],[-104.052,41.698],[-103.368,41.699],[-103.37,41.436]]]},"properties":{"name":"Banner","id":"C31007","STATE":"NE","FIPS":"31007","TYPE":"County","CNTRY":"USA"},"id":"C31007"},
{"type":"Feature","geometry":{"type":"Polygon","coordinates":[[[-101.404,41.743],[-101.405,41.395],[-101.985,41.395],[-101.987,41.742],[-101.425,41.743],[-101.404,41.743]]]},"properties":{"name":"Arthur","id":"C31005","STATE":"NE","FIPS":"31005","TYPE":"County","CNTRY":"USA"},"id":"C31005"},
{"type":"Feature","geometry":{"type":"Polygon","coordinates":[[[-97.833,41.918],[-98.295,41.915],[-98.3,42.089],[-98.3,42.437],[-97.835,42.44],[-97.834,42.091],[-97.833,41.918]]]},"properties":{"name":"Antelope","id":"C31003","STATE":"NE","FIPS":"31003","TYPE":"County","CNTRY":"USA"},"id":"C31003"},
{"type":"Feature","geometry":{"type":"Polygon","coordinates":[[[-98.722,40.7],[-98.283,40.699],[-98.278,40.699],[-98.278,40.351],[-98.724,40.352],[-98.726,40.689],[-98.722,40.7]]]},"properties":{"name":"Adams","id":"C31001","STATE":"NE","FIPS":"31001","TYPE":"County","CNTRY":"USA"},"id":"C31001"}
]}